"date","country","position","streams","track_id","artists","artist_genres","duration","explicit","name"
2018-01-11,"jp",1,171111,"7qiZfU4dY1lWllzX7mPBI3","['Ed Sheeran']","['pop', 'uk pop']",233712,"False","Shape of You"
2018-01-11,"jp",2,143587,"4IouQaO9GkaHC7AtMErdSa","['Daoko', 'Kenshi Yonezu']","['anime', 'j-pop', 'japanese electropop', 'j-pixie']",289577,"False","打上花火"
2018-01-11,"jp",3,119912,"7EmGUiUaOSGDnUUQUDrOXC","['Selena Gomez', 'Marshmello']","['progressive electro house', 'pop', 'post-teen pop', 'pop dance', 'dance pop', 'brostep', 'edm']",197993,"False","Wolves"
2018-01-11,"jp",4,118902,"0PAyiPTz8gL0udQnSasc5G","['TWICE']","['k-pop girl group', 'k-pop']",212989,"False","TT - Japanese ver."
2018-01-11,"jp",5,109717,"3hBBKuWJfxlIlnd9QFoC8k","['Maroon 5', 'SZA']","['r&b', 'pop', 'rap']",199849,"False","What Lovers Do (feat. SZA)"
2018-01-11,"jp",6,107924,"3Vo4wInECJQuz9BIBMOu8i","['Bruno Mars', 'Cardi B']","['dance pop', 'pop', 'rap']",217288,"False","Finesse - Remix; feat. Cardi B"
2018-01-11,"jp",7,105719,"2ekn2ttSfGqwhhate0LSR0","['Dua Lipa']","['dance pop', 'pop', 'uk pop']",209320,"False","New Rules"
2018-01-11,"jp",8,103465,"1rfofaqEpACxVEHIZBJe6W","['Camila Cabello', 'Young Thug']","['pop rap', 'gangster rap', 'southern hip hop', 'pop', 'melodic rap', 'rap', 'atl trap', 'post-teen pop', 'dance pop', 'atl hip hop', 'trap', 'hip hop', 'uk pop']",217306,"False","Havana (feat. Young Thug)"
2018-01-11,"jp",9,101984,"7a7EIFzJLd7lcDRgThMQgm","['ONE OK ROCK']","['visual kei', 'j-rock', 'japanese emo', 'j-poprock', 'j-pop']",295600,"False","Wherever you are"
2018-01-11,"jp",10,100208,"4Eb5cLWxKQUoUQaKUYSRgI","['TWICE']","['k-pop', 'k-pop girl group']",207824,"False","LIKEY"
2018-01-11,"jp",11,99904,"7CmWXD3w1xOO53AAO4LRVQ","['Superfly']","['j-poprock', 'j-pop', 'j-rock']",295600,"False","愛をこめて花束を"
2018-01-11,"jp",12,99332,"5AEtlRudpgdT5FtNiuly6Y","['Hailee Steinfeld', 'Alesso', 'Florida Georgia Line', 'WATT']","['modern alternative rock', 'country pop', 'pop', 'contemporary country', 'post-teen pop', 'pop dance', 'electro house', 'country', 'country road', 'modern country rock', 'dance pop', 'edm', 'tropical house', 'uk pop']",174800,"False","Let Me Go (with Alesso, Florida Georgia Line & watt)"
2018-01-11,"jp",13,97663,"40cPkRjw5aLQIOjaqgUVnB","['SEKAI NO OWARI']","['anime', 'j-pop']",306985,"False","RAIN"
2018-01-11,"jp",14,94800,"6wVOY8vYQhBWcozuiUdzGG","['AKKOGORILLA', 'Taichi Mukai']","['japanese r&b', 'josei rap', 'j-rap']",191733,"False","ゲリラ × 向井太一"
2018-01-11,"jp",15,93073,"5ofnFjLvOgZP94zmDXi3HT","['Nogizaka46']","['j-pop girl group', 'j-idol', 'j-pop']",270093,"False","インフルエンサー"
2018-01-11,"jp",16,92709,"46gSY0U7ZZCmd7EuJuo15N","['AAA']","['j-pop']",316186,"False","恋音と雨空"
2018-01-11,"jp",17,90237,"0dA2Mk56wEzDgegdC6R17g","['Zedd', 'Alessia Cara']","['pop rap', 'complextro', 'pop', 'canadian pop', 'canadian contemporary r&b', 'uk pop', 'post-teen pop', 'pop dance', 'electro house', 'tropical house', 'electropop', 'dance pop', 'german techno', 'edm']",210090,"False","Stay (with Alessia Cara)"
2018-01-11,"jp",18,89742,"2gasr6aemUqZIBBN05EO03","['Shota Shimizu']","['j-pop']",270866,"False","My Boo"
2018-01-11,"jp",19,88475,"0ve9Tpz8Yw0I4eXhWsy21o","['[Alexandros]']","['anime', 'j-rock', 'anime rock', 'j-poprock', 'j-pop']",248706,"False","ワタリドリ"
2018-01-11,"jp",20,86309,"7iXHLtPosbHvglVSJ4rxLq","['GReeeeN']","['j-poprock', 'j-pop boy group', 'j-pop', 'j-rock']",236253,"False","愛唄"
2018-01-11,"jp",21,85622,"32DGGj6KlNuBr6WaqRxpxi","['Charlie Puth']","['dance pop', 'viral pop', 'pop']",198237,"False","How Long"
2018-01-11,"jp",22,78366,"23atyJacJVHvB9RHBNhr35","['MONGOL800']","['j-rock', 'japanese punk rock', 'j-punk', 'okinawan pop', 'j-poprock', 'j-pop']",222640,"False","小さな恋のうた"
2018-01-11,"jp",23,78085,"0tgVpDi06FyKpA1z0VMD4v","['Ed Sheeran']","['pop', 'uk pop']",263400,"False","Perfect"
2018-01-11,"jp",24,77895,"7vwXjDrZT2mqiFynlEwwgG","['AAA']","['j-pop']",320373,"False","さよならの前に"
2018-01-11,"jp",25,76196,"0mf82mK5aeZm4vN9HM2InQ","['Chris Hart']","['j-pop']",311453,"False","I LOVE YOU"
2018-01-11,"jp",26,75958,"1mXVgsBdtIVeCLJnSnmtdV","['Sam Smith']","['dance pop', 'pop', 'uk pop']",201000,"False","Too Good At Goodbyes"
2018-01-11,"jp",27,75056,"7BKLCZ1jbUBVqRi2FVlTVw","['The Chainsmokers', 'Halsey']","['pop', 'indie poptimism', 'etherpop', 'pop dance', 'electropop', 'dance pop', 'tropical house', 'edm']",244960,"False","Closer"
2018-01-11,"jp",28,74839,"7ztdl6cnbJgHRdMkKldkts","['GReeeeN']","['j-poprock', 'j-pop boy group', 'j-pop', 'j-rock']",271160,"False","キセキ"
2018-01-11,"jp",29,74518,"5Bg0HkfaRYRx8A7tMrjT9Z","['Shota Shimizu']","['j-pop']",271506,"False","君が好き"
2018-01-11,"jp",30,74297,"468Jl0mOuztlhQDKMhO8Rq","['GENERATIONS from EXILE TRIBE']","['j-pop boy group', 'j-division', 'j-pop']",294773,"False","BIG CITY RODEO"
2018-01-11,"jp",31,73728,"5SE57ljOIUJ1ybL9U6CuBH","['BTS']","['k-pop', 'k-pop boy group']",223122,"False","DNA"
2018-01-11,"jp",32,72912,"2xmrfQpmS2iJExTlklLoAL","['Clean Bandit', 'Julia Michaels']","['pop', 'uk funky', 'alt z', 'uk pop', 'pop dance', 'electropop', 'uk dance', 'dance pop', 'edm', 'tropical house', 'post-teen pop']",205747,"False","I Miss You (feat. Julia Michaels)"
2018-01-11,"jp",33,72799,"4iLqG9SeJSnt0cSPICSjxv","['Charlie Puth']","['dance pop', 'viral pop', 'pop']",211475,"False","Attention"
2018-01-11,"jp",34,72267,"6RUKPb4LETWmmr3iAEQktW","['The Chainsmokers', 'Coldplay']","['permanent wave', 'pop', 'pop dance', 'electropop', 'dance pop', 'tropical house', 'edm']",247160,"False","Something Just Like This"
2018-01-11,"jp",35,71812,"6PO8T4qt3FHfauSs98zO9j","['Shota Shimizu']","['j-pop']",323586,"False","DREAM"
2018-01-11,"jp",36,71383,"0b7IBgZjedM53ufZV4f4CL","['SPITZ']","['classic j-pop', 'j-pop', 'j-rock']",325693,"False","楓"
2018-01-11,"jp",37,70034,"6gxF4ibm6S95UUC6vyIiln","['TWICE']","['k-pop girl group', 'k-pop']",186895,"False","Heart Shaker"
2018-01-11,"jp",38,69531,"1bhUWB0zJMIKr9yVPrkEuI","['Ed Sheeran', 'Beyoncé']","['dance pop', 'r&b', 'pop', 'uk pop']",259550,"False","Perfect Duet (Ed Sheeran & Beyoncé)"
2018-01-11,"jp",39,68994,"1x5sYLZiu9r5E43kMlt9f8","['Clean Bandit', 'Zara Larsson']","['swedish electropop', 'pop', 'uk funky', 'uk pop', 'scandipop', 'swedish pop', 'pop dance', 'electropop', 'uk dance', 'dance pop', 'edm', 'tropical house', 'post-teen pop']",212459,"False","Symphony (feat. Zara Larsson)"
2018-01-11,"jp",40,68198,"6q2cJXwzu89N8okT69L7KC","['TWICE']","['k-pop girl group', 'k-pop']",183000,"False","One More Time"
2018-01-11,"jp",41,65708,"5CtI0qwDJkDQGwXD1H1cLb","['Luis Fonsi', 'Daddy Yankee', 'Justin Bieber']","['trap latino', 'pop', 'canadian pop', 'latin hip hop', 'reggaeton', 'latin pop', 'puerto rican pop']",228826,"False","Despacito - Remix"
2018-01-11,"jp",42,64709,"0e7ipj03S05BNilyu5bRzt","['Post Malone', '21 Savage']","['atl hip hop', 'melodic rap', 'dfw rap', 'rap']",218146,"True","rockstar (feat. 21 Savage)"
2018-01-11,"jp",43,64253,"4f3nDjgqXurMryYBSp0TZD","['ONE OK ROCK']","['visual kei', 'j-rock', 'japanese emo', 'j-poprock', 'j-pop']",292733,"False","The Beginning"
2018-01-11,"jp",44,63984,"7M3TZDUNvaNBo0qtWVaZif","['Mrs. GREEN APPLE']","['anime rock', 'j-pop', 'j-rock']",217386,"False","WanteD! WanteD!"
2018-01-11,"jp",45,62651,"7nZmah2llfvLDiUjm0kiyz","['Justin Bieber', 'BloodPop®']","['pop', 'electropop', 'canadian pop']",189466,"False","Friends (with BloodPop®)"
2018-01-11,"jp",46,61036,"6DE61O4fNPiBAQWzldBnbv","['ORANGE RANGE']","['okinawan pop', 'j-poprock', 'j-pop', 'j-rock']",253506,"False","花"
2018-01-11,"jp",47,60869,"0NiXXAI876aGImAd6rTj8w","['Jonas Blue', 'William Singe']","['pop r&b', 'chill r&b', 'pop', 'urban contemporary', 'uk pop', 'post-teen pop', 'pop dance', 'r&b', 'uk dance', 'dance pop', 'tropical house', 'edm']",181614,"False","Mama"
2018-01-11,"jp",48,60712,"79cuOz3SPQTuFrp8WgftAu","['Shawn Mendes']","['dance pop', 'viral pop', 'pop', 'canadian pop']",199440,"False","There's Nothing Holdin' Me Back"
2018-01-11,"jp",49,60583,"5UEnHoDYpsxlfzWLZIc7LD","['Eminem', 'Ed Sheeran']","['pop', 'detroit hip hop', 'rap', 'hip hop', 'uk pop']",221013,"True","River (feat. Ed Sheeran)"
2018-01-11,"jp",50,57064,"3m660poUr1chesgkkjQM7P","['Demi Lovato']","['uk pop', 'dance pop', 'pop', 'post-teen pop']",203760,"True","Sorry Not Sorry"
2018-01-11,"jp",51,54914,"3pzjHKrQSvXGHQ98dx18HI","['Justin Bieber']","['pop', 'canadian pop']",205680,"False","What Do You Mean?"
2018-01-11,"jp",52,53826,"66KjxbYrSBdnxJcHjnLM7o","['Aimer']","['anime', 'anime rock', 'j-poprock', 'j-pixie', 'j-pop']",331653,"False","ONE"
2018-01-11,"jp",53,53806,"3DXncPQOG4VBw3QHh3S817","['DJ Khaled', 'Justin Bieber', 'Quavo', 'Chance the Rapper', 'Lil Wayne']","['pop rap', 'southern hip hop', 'pop', 'melodic rap', 'canadian pop', 'chicago rap', 'conscious hip hop', 'miami hip hop', 'atl hip hop', 'new orleans rap', 'trap', 'hip hop', 'rap']",288600,"True","I'm the One (feat. Justin Bieber, Quavo, Chance the Rapper & Lil Wayne)"
2018-01-11,"jp",54,53456,"5KaplUYIDvsFe69z7UArVt","['YUZU']","['j-poprock', 'j-acoustic', 'j-pop', 'j-rock']",326600,"False","光榮之橋"
2018-01-11,"jp",55,53263,"6IxWbmElUUj7AstEEzIgtl","['AAA']","['j-pop']",316363,"False","LIFE"
2018-01-11,"jp",56,52748,"3GCdLUSnKSMJhs4Tj6CV3s","['Kendrick Lamar', 'SZA']","['pop', 'conscious hip hop', 'west coast rap', 'r&b', 'hip hop', 'rap']",232186,"True","All The Stars (with SZA)"
2018-01-11,"jp",57,52304,"0ZoHxBd1enqGDSNjqUptmY","['Takehara Pistol']","['j-acoustic', 'j-rock']",199640,"False","よー、そこの若いの"
2018-01-11,"jp",58,52232,"6CU3VvoeQgkg4Wb1vS0zj7","['CHANMINA']","['j-rap', 'josei rap', 'j-pop']",182466,"False","Chocolate"
2018-01-11,"jp",59,50938,"0V2axJ946WH1vt9t5SGMLV","['AI']","['j-pop']",288506,"False","Story"
2018-01-11,"jp",60,50332,"1L3NV7VrCiuE8C5QlhdeQL","['Justin Timberlake']","['dance pop', 'pop']",293946,"False","Filthy"
2018-01-11,"jp",61,50031,"0eio2xxlLcgMCSMPgJseeI","['J SOUL BROTHERS III']","['j-pop boy group', 'j-division', 'j-pop']",325680,"False","R.Y.U.S.E.I."
2018-01-11,"jp",62,49715,"5PF0IW8iHqOcTWAyRqiDzb","['Shota Shimizu']","['j-pop']",352560,"False","HOME"
2018-01-11,"jp",63,49436,"7vGuf3Y35N4wmASOKLUVVU","['Marshmello', 'Khalid']","['pop r&b', 'progressive electro house', 'pop', 'pop dance', 'dance pop', 'brostep', 'edm']",180822,"False","Silence"
2018-01-11,"jp",64,48925,"4IubwxgmXeZtDtYjTaT9gN","['Motohiro Hata']","['japanese singer-songwriter', 'j-acoustic', 'j-rock', 'j-poprock', 'j-pop']",324053,"False","鱗(うろこ)"
2018-01-11,"jp",65,48768,"6mrKP2jyIQmM0rw6fQryjr","['NF']","['pop rap', 'hip hop', 'rap']",212120,"False","Let You Down"
2018-01-11,"jp",66,48589,"1j4kHkkpqZRBwE0A4CN4Yv","['ZAYN', 'Sia']","['australian dance', 'pop', 'australian pop', 'post-teen pop', 'dance pop', 'uk pop']",239000,"False","Dusk Till Dawn (feat. Sia) - Radio Edit"
2018-01-11,"jp",67,48203,"6uFsE1JgZ20EXyU0JQZbUR","['Taylor Swift']","['pop']",211859,"False","Look What You Made Me Do"
2018-01-11,"jp",68,47762,"4c2W3VKsOFoIg2SFaO6DY5","['Rita Ora']","['pop rap', 'pop', 'uk pop', 'post-teen pop', 'electropop', 'dance pop', 'tropical house', 'edm']",180757,"False","Your Song"
2018-01-11,"jp",69,47553,"7EI6Iki24tBHAMxtb4xQN2","['Rita Ora']","['pop rap', 'pop', 'uk pop', 'post-teen pop', 'electropop', 'dance pop', 'tropical house', 'edm']",215064,"False","Anywhere"
2018-01-11,"jp",70,47438,"7iDa6hUg2VgEL1o1HjmfBn","['Bebe Rexha', 'Florida Georgia Line']","['country pop', 'pop', 'contemporary country', 'country', 'modern country rock', 'country road', 'dance pop', 'edm', 'post-teen pop']",163870,"False","Meant to Be (feat. Florida Georgia Line)"
2018-01-11,"jp",71,47340,"0albLGvYx6ftOUJ7KF0i5I","['Suchmos']","['japanese r&b', 'j-rock', 'japanese soul', 'japanese alternative rock', 'j-pop']",297333,"False","STAY TUNE"
2018-01-11,"jp",72,47195,"4eWQlBRaTjPPUlzacqEeoQ","['Camila Cabello']","['uk pop', 'dance pop', 'pop', 'post-teen pop']",226973,"False","Never Be the Same"
2018-01-11,"jp",73,47073,"17DfKcV1gBdfMBdzsf4NQx","['miwa']","['anime', 'j-rock', 'anime rock', 'j-poprock', 'j-pop']",348666,"False","片想い"
2018-01-11,"jp",74,46802,"0nf8MexP7oxLci3BvumOR5","['Sheena Ringo', 'Tortoise Matsumoto']","['j-poprock', 'j-pop', 'j-rock', 'japanese soul']",196160,"False","目抜き通り"
2018-01-11,"jp",75,46416,"0Zbbxnx4SGGHoIow4PpISP","['Kygo', 'Justin Jesso']","['pop', 'pop dance', 'edm', 'tropical house', 'uk pop']",236853,"False","Stargazing"
2018-01-11,"jp",76,46353,"59pUIlXjQupbiYwt40uUTi","['Mone Kamishiraishi']","['j-acoustic', 'j-pop']",349920,"False","なんでもないや - movie ver."
2018-01-11,"jp",77,46332,"5k38wzpLb15YgncyWdTZE4","['G-Eazy', 'Halsey']","['pop rap', 'pop', 'indie poptimism', 'oakland hip hop', 'etherpop', 'indie pop rap', 'electropop', 'dance pop', 'rap']",268866,"True","Him & I (with Halsey)"
2018-01-11,"jp",78,45879,"0afhq8XCExXpqazXczTSve","['Ed Sheeran']","['pop', 'uk pop']",170826,"False","Galway Girl"
2018-01-11,"jp",79,45675,"4PqDkR6YM80Sy590Qsy6mm","['Yo Hitoto']","['japanese singer-songwriter', 'j-pop']",330293,"False","ハナミズキ"
2018-01-11,"jp",80,45368,"2OALaHcDdKkjYEpAr0Qzab","['Avicii', 'Rita Ora']","['pop rap', 'pop', 'uk pop', 'post-teen pop', 'pop dance', 'electropop', 'dance pop', 'tropical house', 'edm']",181812,"False","Lonely Together (feat. Rita Ora)"
2018-01-11,"jp",81,45351,"0wMfMGp7nz7JMNw7tei9f5","['Elephant Kashimashi']","['classic j-rock', 'j-poprock', 'j-pop', 'j-rock']",252706,"False","今宵の月のように"
2018-01-11,"jp",82,45281,"3Xrd2febrBti5pNuRTVmra","['GENERATIONS from EXILE TRIBE']","['j-pop boy group', 'j-division', 'j-pop']",310133,"False","SORA"
2018-01-11,"jp",83,44947,"2NgQV5lmGPPTTlrHXeAPJ7","['Flower']","['j-idol', 'j-pop']",291546,"False","やさしさで溢れるように"
2018-01-11,"jp",84,44791,"2ISFfVz2EALjmUHfDxRnsB","['AI', 'Kanna']","['bali indie', 'j-pop']",220306,"False","キラキラ"
2018-01-11,"jp",85,44725,"2wAf64UF5cK7mlAUfvVPl9","['EXILE']","['j-pop boy group', 'j-pop']",351053,"False","Tda'''Aitakute"
2018-01-11,"jp",86,43435,"3A7qX2QjDlPnazUsRk5y0M","['David Guetta', 'Justin Bieber']","['pop', 'canadian pop', 'big room', 'pop dance', 'dance pop', 'edm']",194896,"False","2U (feat. Justin Bieber)"
2018-01-11,"jp",87,43041,"0sVnyL71jTOuMt9TZ59bws","['SPITZ']","['classic j-pop', 'j-pop', 'j-rock']",260133,"False","ロビンソン"
2018-01-11,"jp",88,43037,"2SJAhpAZZLKYIWWu7S2idS","['Little Glee Monster']","['j-pop girl group', 'j-poprock', 'j-pop']",299453,"False","Jupiter"
2018-01-11,"jp",89,42826,"0OlnLZY4cmQzT6ZGttvWBM","['Martin Garrix', 'David Guetta', 'Jamie Scott', 'Romy Dya']","['dutch pop', 'pop', 'big room', 'progressive house', 'uk pop', 'pop dance', 'electro house', 'dutch edm', 'dance pop', 'tropical house', 'edm']",183636,"False","So Far Away (feat. Jamie Scott & Romy Dya)"
2018-01-11,"jp",90,42672,"3XqQ0lZWvh47ySXRQaEXso","['Little Glee Monster']","['j-pop girl group', 'j-poprock', 'j-pop']",306053,"False","好きだ。"
2018-01-11,"jp",91,42277,"23mknRzp3IpdyE9XULtv0B","['flumpool']","['anime', 'j-rock', 'anime rock', 'j-poprock', 'j-pop']",326306,"False","Kimini Todoke"
2018-01-11,"jp",92,41762,"0KKkJNfGyhkQ5aFogxQAPU","['Bruno Mars']","['dance pop', 'pop']",206693,"False","That's What I Like"
2018-01-11,"jp",93,41628,"2OqENlvR9PA6nRVptuQIFe","['[Alexandros]']","['anime', 'j-rock', 'anime rock', 'j-poprock', 'j-pop']",281386,"False","明日、また"
2018-01-11,"jp",94,40848,"0K4Wg6Pwx0cOuJkN8xvuto","['AAA']","['j-pop']",228847,"False","MAGIC"
2018-01-11,"jp",95,40608,"1NDxZ7cFAo481dtYWdrUnR","['Maggie Lindemann', 'Cheat Codes', 'CADE']","['pop', 'dark pop', 'pop punk', 'alt z', 'uk pop', 'pop dance', 'electro house', 'electropop', 'dance pop', 'edm', 'tropical house', 'pop edm', 'post-teen pop']",193613,"True","Pretty Girl - Cheat Codes X CADE Remix"
2018-01-11,"jp",96,40254,"7Ed6BkggCS2KaKY5YlINaF","['BTS', 'Desiigner', 'Steve Aoki']","['pop rap', 'k-pop', 'viral trap', 'underground hip hop', 'k-pop boy group', 'pop dance', 'electro house', 'dance pop', 'edm', 'tropical house', 'trap', 'rap']",238726,"False","MIC Drop (feat. Desiigner) [Steve Aoki Remix]"
2018-01-11,"jp",97,40092,"1XT0cpl9g0GuRQJao2nqXd","['ONE OK ROCK']","['visual kei', 'j-rock', 'japanese emo', 'j-poprock', 'j-pop']",252200,"False","Kanzen kankaku Dreamer"
2018-01-11,"jp",98,40004,"1nMbZ9OsVNSLEyijI80EST","['TWICE']","['k-pop', 'k-pop girl group']",212990,"False","TT"
2018-01-11,"jp",99,39877,"1zsG4eaZmkA1dvjDDsAGLK","['Luis Fonsi', 'Demi Lovato']","['pop', 'latin pop', 'puerto rican pop', 'uk pop', 'dance pop', 'post-teen pop']",173720,"False","Échame La Culpa"
2018-01-11,"jp",100,39718,"3B54sVLJ402zGa6Xm4YGNe","['French Montana', 'Swae Lee']","['pop rap', 'southern hip hop', 'gangster rap', 'melodic rap', 'trap', 'hip hop', 'rap']",233901,"True","Unforgettable"
2018-01-11,"jp",101,39489,"2mfUa8bLs2s5N4VaqJZ4lZ","['Hailee Steinfeld']","['uk pop', 'dance pop', 'pop', 'post-teen pop']",204400,"False","Most Girls"
2018-01-11,"jp",102,39066,"2DQ1ITjI0YoLFzuADN1ZBW","['G-Eazy', 'A$AP Rocky', 'Cardi B']","['pop rap', 'pop', 'oakland hip hop', 'hip hop', 'indie pop rap', 'dance pop', 'east coast hip hop', 'rap']",245386,"True","No Limit"
2018-01-11,"jp",103,38680,"5C5m0n29iXtAg5cQZt6cEN","['E-girls']","['j-pop girl group', 'j-idol', 'j-pop']",258853,"False","Love ☆ Queen"
2018-01-11,"jp",104,37759,"1louJpMmzEicAn7lzDalPW","['Cheat Codes', 'Demi Lovato']","['pop', 'uk pop', 'post-teen pop', 'pop dance', 'electro house', 'electropop', 'dance pop', 'tropical house', 'pop edm', 'edm']",223503,"False","No Promises (feat. Demi Lovato)"
2018-01-11,"jp",105,37479,"4R7QVSqBN0koJHcOL7PGb5","['TWICE']","['k-pop girl group', 'k-pop']",197929,"False","SIGNAL - Japanese ver."
2018-01-11,"jp",106,37472,"6b8Be6ljOzmkOmFslEb23P","['Bruno Mars']","['dance pop', 'pop']",225983,"False","24K Magic"
2018-01-11,"jp",107,37366,"69bp2EbF7Q2rqc5N3ylezZ","['Justin Bieber']","['pop', 'canadian pop']",200786,"False","Sorry"
2018-01-11,"jp",108,36555,"2P91MQbaiQOfbiz9VqhqKQ","['Lauv']","['dance pop', 'pop', 'electropop']",197436,"False","I Like Me Better"
2018-01-11,"jp",109,36495,"0oSNOJEcBIKNcQzRc5TfyR","['BTS']","['k-pop', 'k-pop boy group']",217078,"False","Blood Sweat & Tears"
2018-01-11,"jp",110,36244,"0tKcYR2II1VCQWT79i5NrW","['Imagine Dragons']","['modern rock', 'rock']",187146,"False","Thunder"
2018-01-11,"jp",111,36081,"6QgjcU0zLnzq5OrUoSZ3OK","['Portugal. The Man']","['modern rock', 'rock']",163253,"False","Feel It Still"
2018-01-11,"jp",112,36015,"2rb5MvYT7ZIxbKW5hfcHx8","['J Balvin', 'Willy William']","['reggaeton colombiano', 'reggaeton', 'trap latino', 'francoton']",189440,"False","Mi Gente"
2018-01-11,"jp",113,35884,"75FDPwaULRdYDn4StFN2rT","['Cardi B', '21 Savage']","['dance pop', 'atl hip hop', 'pop', 'rap']",224613,"True","Bartier Cardi (feat. 21 Savage)"
2018-01-11,"jp",114,35878,"5tz69p7tJuGPeMGwNTxYuV","['Logic', 'Alessia Cara', 'Khalid']","['pop rap', 'pop r&b', 'pop', 'canadian pop', 'canadian contemporary r&b', 'conscious hip hop', 'uk pop', 'post-teen pop', 'dmv rap', 'electropop', 'dance pop', 'hip hop', 'rap']",250173,"True","1-800-273-8255"
2018-01-11,"jp",115,34764,"15vzANxN8G9wWfwAJLLMCg","['The Chainsmokers']","['pop', 'pop dance', 'electropop', 'dance pop', 'tropical house', 'edm']",221520,"False","Paris"
2018-01-11,"jp",116,34326,"5nq1uTNIR1cBR72T87viS0","['BTS']","['k-pop', 'k-pop boy group']",235779,"False","Go Go"
2018-01-11,"jp",117,33857,"75ZvA4QfFiZvzhj2xkaWAh","['Post Malone']","['melodic rap', 'dfw rap', 'rap']",223346,"True","I Fall Apart"
2018-01-11,"jp",118,33469,"6EpRaXYhGOB3fj4V2uDkMJ","['Liam Payne', 'Quavo']","['pop rap', 'southern hip hop', 'pop', 'melodic rap', 'rap', 'post-teen pop', 'dance pop', 'atl hip hop', 'trap', 'hip hop', 'uk pop']",204502,"False","Strip That Down"
2018-01-11,"jp",119,33316,"22aZD7yaGYfhgCYazL4nbc","['HY']","['j-rock', 'okinawan folk', 'okinawan pop', 'j-poprock', 'j-pop']",352506,"False","366日"
2018-01-11,"jp",120,33179,"3NdDpSvN911VPGivFlV5d0","['ZAYN', 'Taylor Swift']","['uk pop', 'dance pop', 'pop', 'post-teen pop']",245200,"False","I Don’t Wanna Live Forever (Fifty Shades Darker) - From ""Fifty Shades Darker (Original Motion Picture Soundtrack)"""
2018-01-11,"jp",121,33115,"6YcvfXy4wTvjaIniIBuh30","['HY']","['j-rock', 'okinawan folk', 'okinawan pop', 'j-poprock', 'j-pop']",319160,"False","AM11:00"
2018-01-11,"jp",122,33077,"6WbADFqMvR8N5u0BvtsWQE","['Avicii', 'Sandro Cavazza']","['pop rap', 'pop', 'swedish pop', 'pop dance', 'dance pop', 'tropical house', 'edm']",181672,"True","Without You (feat. Sandro Cavazza)"
2018-01-11,"jp",123,33043,"3eR23VReFzcdmS7TYCrhCe","['Kygo', 'Selena Gomez']","['pop', 'post-teen pop', 'pop dance', 'dance pop', 'tropical house', 'edm']",220780,"False","It Ain't Me (with Selena Gomez)"
2018-01-11,"jp",124,33041,"6CQ5WvprBENUd53lv9UzAh","['CHEMISTRY']","['j-poprock', 'j-pop']",299813,"False","PIECES OF A DREAM"
2018-01-11,"jp",125,32642,"6U1HaCuOL1ZouGk0OEpEbS","['J SOUL BROTHERS III']","['j-pop boy group', 'j-division', 'j-pop']",187360,"False","HAPPY"
2018-01-11,"jp",126,32543,"6YtmVjtDWDbac5tcto0BAn","['JUDY AND MARY']","['anime', 'j-rock', 'classic j-pop', 'j-poprock', 'j-pop']",254360,"False","そばかす"
2018-01-11,"jp",127,32112,"6Qq8UOS6QzeSYFUVXC5wEB","['DREAMS COME TRUE']","['classic j-pop', 'j-pop', 'j-rock']",222760,"False","何度でも"
2018-01-11,"jp",128,32095,"7cvxrDu7VIhVSOFRNgPegv","['Ariana Grande', 'Zedd']","['pop rap', 'pop', 'complextro', 'post-teen pop', 'pop dance', 'electro house', 'tropical house', 'electropop', 'dance pop', 'german techno', 'edm']",214693,"False","Break Free"
2018-01-11,"jp",129,58004,"45jGOHwYKgsRYbAJ8DR61d","['Motohiro Hata']","['japanese singer-songwriter', 'j-acoustic', 'j-rock', 'j-poprock', 'j-pop']",308146,"False","ひまわりの約束"
2018-01-11,"jp",130,31906,"31yv1hR9gw1WSEmtqsaZbD","['Hikaru Utada']","['classic j-pop', 'japanese singer-songwriter', 'anime', 'j-pop']",278240,"False","花束を君に"
2018-01-11,"jp",131,31771,"4AW9Fobw3ENnOFDKwKdq7Q","['Daichi Miura']","['okinawan pop', 'japanese singer-songwriter', 'j-pop']",186199,"False","普通の今夜のことを ー let tonight be forever remembered ー"
2018-01-11,"jp",132,31512,"06KyNuuMOX1ROXRhj787tj","['Charlie Puth', 'Selena Gomez']","['dance pop', 'viral pop', 'pop', 'post-teen pop']",217706,"False","We Don't Talk Anymore (feat. Selena Gomez)"
2018-01-11,"jp",133,31270,"3JrxNi0sQ1Lnx8eGonp3Ma","['ayaka']","['japanese singer-songwriter', 'j-pop', 'j-rock']",224720,"False","にじいろ"
2018-01-11,"jp",134,31220,"6Flllj0iIJPwXUpxL9KdxC","['Aimer']","['anime', 'anime rock', 'j-poprock', 'j-pixie', 'j-pop']",305333,"False","蝶々結び"
2018-01-11,"jp",135,31193,"1bHgnjGsRCxlCxD5BobatI","['Sukima Switch']","['anime', 'j-rock', 'j-pop']",382666,"False","奏(かなで) - ARENA TOUR '07 ""W-ARENA"""
2018-01-11,"jp",136,31169,"3hB5DgAiMAQ4DzYbsMq1IT","['Justin Bieber']","['pop', 'canadian pop']",233720,"False","Love Yourself"
2018-01-11,"jp",137,31135,"6g93YtKKHU2H1qIqhLIL0Y","['Aimer']","['anime', 'anime rock', 'j-poprock', 'j-pixie', 'j-pop']",207360,"False","カタオモイ"
2018-01-11,"jp",138,31081,"7KXjTSCq5nL1LoYtL7XAwS","['Kendrick Lamar']","['conscious hip hop', 'west coast rap', 'hip hop', 'rap']",177000,"True","HUMBLE."
2018-01-11,"jp",139,30992,"43ZyHQITOjhciSUUNPVRHc","['Lil Pump']","['miami hip hop', 'viral rap', 'emo rap', 'trap', 'rap']",124055,"True","Gucci Gang"
2018-01-11,"jp",140,30803,"2OlWBmSjf1aUPGLNf0UI5A","['Ariana Grande']","['dance pop', 'pop']",197266,"False","One Last Time"
2018-01-11,"jp",141,30440,"7n9Q6bXSjm74uCtajkddPt","['Taylor Swift']","['pop']",219209,"False","Shake It Off"
2018-01-11,"jp",142,30426,"5UnRutJ5phJ9Ti4WnFgEoJ","['TWICE']","['k-pop girl group', 'k-pop']",208862,"False","CHEER UP - Japanese ver."
2018-01-11,"jp",143,30422,"4Ls20opS0EzPb7NuA6F8VI","['AI']","['j-pop']",255760,"False","ハピネス"
2018-01-11,"jp",144,30281,"5eWgDlp3k6Tb5RD8690s6I","['Maroon 5']","['pop']",235493,"True","Sugar"
2018-01-11,"jp",145,30202,"0ijT1F143SdGb45SQB3rHk","['Shota Shimizu']","['j-pop']",263813,"False","milk tea"
2018-01-11,"jp",146,30136,"34gCuhDGsG4bRPIf9bb02f","['Ed Sheeran']","['pop', 'uk pop']",281560,"False","Thinking out Loud"
2018-01-11,"jp",147,29989,"1Eck97uRMlprKOOJN9oO1E","['G-Eazy', 'Kehlani']","['pop rap', 'pop', 'oakland hip hop', 'indie pop rap', 'post-teen pop', 'r&b', 'dance pop', 'rap']",225525,"False","Good Life (with G-Eazy & Kehlani)"
2018-01-11,"jp",148,29810,"7wqSzGeodspE3V6RBD5W8L","['Wiz Khalifa', 'Charlie Puth']","['pop rap', 'southern hip hop', 'pop', 'viral pop', 'pittsburgh rap', 'dance pop', 'trap', 'hip hop', 'rap']",229525,"False","See You Again (feat. Charlie Puth)"
2018-01-11,"jp",149,29699,"7LEydI5NfjY6mZfKwYIptZ","['Fifth Harmony', 'Gucci Mane']","['pop rap', 'gangster rap', 'southern hip hop', 'girl group', 'talent show', 'pop', 'rap', 'uk pop', 'dirty south rap', 'dance pop', 'atl hip hop', 'trap', 'hip hop', 'post-teen pop']",164985,"False","Down"
2018-01-11,"jp",150,29664,"05HuGF8QJGxH2UiQ77ldTK","['GENERATIONS from EXILE TRIBE']","['j-pop boy group', 'j-division', 'j-pop']",259800,"False","ALRIGHT! ALRIGHT!"
2018-01-11,"jp",151,29646,"4kjF1ooqgWABonCJOQee0Y","['EXILE ATSUSHI']","['japanese r&b', 'j-division', 'j-pop']",253840,"False","ITO"
2018-01-11,"jp",152,29604,"5knuzwU65gJK7IF5yJsuaW","['Clean Bandit', 'Sean Paul', 'Anne-Marie']","['pop rap', 'pop', 'uk funky', 'dancehall', 'uk pop', 'pop dance', 'uk dance', 'dance pop', 'edm', 'tropical house', 'post-teen pop']",251088,"False","Rockabye (feat. Sean Paul & Anne-Marie)"
2018-01-11,"jp",153,29532,"42CeaId2XNlxugDvyqHfDf","['Post Malone']","['melodic rap', 'dfw rap', 'rap']",229573,"True","Candy Paint"
2018-01-11,"jp",154,29317,"1Zyd6zQnC6XIIzmg3hP7Ot","['BLACKPINK']","['k-pop', 'k-pop girl group']",213264,"False","As If It's Your Last"
2018-01-11,"jp",155,29236,"5bcTCxgc7xVfSaMV3RuVke","['Calvin Harris', 'Pharrell Williams', 'Katy Perry', 'Big Sean', 'Funk Wav']","['pop rap', 'southern hip hop', 'pop', 'detroit hip hop', 'rap', 'progressive house', 'r&b', 'electro house', 'house', 'uk dance', 'dance pop', 'trap', 'hip hop', 'edm']",223413,"True","Feels (feat. Pharrell Williams, Katy Perry & Big Sean)"
2018-01-11,"jp",156,29080,"5Z3GHaZ6ec9bsiI5BenrbY","['Khalid']","['pop r&b', 'pop']",202546,"False","Young Dumb & Broke"
2018-01-11,"jp",157,28904,"3PEgB3fkiojxms35ntsTgs","['Axwell /\\ Ingrosso']","['pop rap', 'pop', 'pop dance', 'electro house', 'dance pop', 'tropical house', 'edm']",203000,"False","More Than You Know"
2018-01-11,"jp",158,28708,"4feDzcxtXRU8clyOluco5Y","['Noriyuki Makihara']","['japanese singer-songwriter', 'j-rock', 'classic j-pop', 'j-poprock', 'j-pop']",304506,"False","どんなときも。"
2018-01-11,"jp",159,28443,"7GX5flRQZVHRAGd6B4TmDO","['Lil Uzi Vert']","['rap', 'philly rap', 'melodic rap', 'trap']",182706,"True","XO Tour Llif3"
2018-01-11,"jp",160,28425,"4pLwZjInHj3SimIyN9SnOz","['Ariana Grande', 'Nicki Minaj']","['queens hip hop', 'pop', 'hip pop', 'dance pop', 'rap']",226160,"True","Side To Side"
2018-01-11,"jp",161,28351,"1KT0xdIjm7t053xByACrrg","['Ariana Grande', 'John Legend']","['neo soul', 'dance pop', 'r&b', 'urban contemporary', 'pop soul', 'pop']",227928,"False","美女と野獣"
2018-01-11,"jp",162,28342,"4eg2pQu51SsltJSWKoRpSy","['MISIA']","['j-pop']",418666,"False","Everything"
2018-01-11,"jp",163,28211,"1Qg9jWGDkKAGZXj5v2OG59","['Maroon 5']","['pop']",190642,"False","Wait"
2018-01-11,"jp",164,28203,"6PCUP3dWmTjcTtXY02oFdT","['Ed Sheeran']","['pop', 'uk pop']",261153,"False","Castle on the Hill"
2018-01-11,"jp",165,28169,"4jaaMznp3KPllxbmRdiIbx","['Shota Shimizu']","['j-pop']",309440,"False","花束のかわりにメロディーを"
2018-01-11,"jp",166,28054,"2z4pcBLQXF2BXKFvd0BuB6","['Jason Derulo', 'French Montana']","['pop rap', 'gangster rap', 'southern hip hop', 'pop', 'rap', 'dance pop', 'edm', 'trap', 'hip hop', 'post-teen pop']",187521,"False","Tip Toe (feat. French Montana)"
2018-01-11,"jp",167,27889,"2bnUATKYS3JykGpZjjlbXV","['TWICE']","['k-pop girl group', 'k-pop']",215079,"False","Like OOH-AHH - Japanese ver."
2018-01-11,"jp",168,27797,"4tCtwWceOPWzenK2HAIJSb","['Fifth Harmony', 'Ty Dolla $ign']","['pop rap', 'southern hip hop', 'girl group', 'talent show', 'pop', 'uk pop', 'r&b', 'dance pop', 'trap soul', 'trap', 'hip hop', 'post-teen pop']",214480,"False","Work from Home (feat. Ty Dolla $ign)"
2018-01-11,"jp",169,27620,"1CKd1PnqfYx0H12V9MSaIY","['Zedd', 'Liam Payne']","['pop rap', 'complextro', 'pop', 'uk pop', 'post-teen pop', 'pop dance', 'electro house', 'tropical house', 'electropop', 'dance pop', 'german techno', 'edm']",204583,"False","Get Low (with Liam Payne)"
2018-01-11,"jp",170,27539,"1Jih1yW1AfhKeYmlGkkj78","['Austin Mahone']","['dance pop', 'australian pop', 'post-teen pop', 'pop']",188279,"False","Dirty Work"
2018-01-11,"jp",171,27529,"5hM6sP0Gh1jD57drszNueC","['Liam Payne', 'Rita Ora']","['pop rap', 'pop', 'post-teen pop', 'electropop', 'dance pop', 'edm', 'tropical house', 'uk pop']",244293,"False","For You (Fifty Shades Freed) (& Rita Ora)"
2018-01-11,"jp",172,27239,"2SYa5Lx1uoCvyDIW4oee9b","['BTS']","['k-pop', 'k-pop boy group']",238193,"False","MIC Drop"
2018-01-11,"jp",173,27153,"19WjVVgXjdKXfLXoaDPwTM","['Taylor Swift']","['pop']",208198,"False","...Ready For It?"
2018-01-11,"jp",174,27102,"6kex4EBAj0WHXDKZMEJaaF","['Jason Derulo', 'Nicki Minaj', 'Ty Dolla $ign']","['pop rap', 'queens hip hop', 'southern hip hop', 'pop', 'rap', 'hip pop', 'r&b', 'dance pop', 'edm', 'trap soul', 'trap', 'hip hop', 'post-teen pop']",216408,"True","Swalla (feat. Nicki Minaj & Ty Dolla $ign)"
2018-01-11,"jp",175,27022,"7sO5G9EABYOXQKNPNiE9NR","['Offset', 'Metro Boomin']","['pop rap', 'southern hip hop', 'atl hip hop', 'trap', 'hip hop', 'rap']",172800,"True","Ric Flair Drip (with Metro Boomin)"
2018-01-11,"jp",176,26990,"5LkQpbBFgoyQm1jGlznT7p","['TWICE']","['k-pop girl group', 'k-pop']",197974,"False","KNOCK KNOCK - Japanese ver."
2018-01-11,"jp",177,26970,"4u3qi4mgvCQzeTSIuUWHzl","['ONE OK ROCK', '5 Seconds of Summer']","['boy band', 'visual kei', 'j-rock', 'dance pop', 'pop', 'japanese emo', 'post-teen pop', 'j-poprock', 'j-pop']",243333,"False","Take What You Want (feat. 5 Seconds of Summer)"
2018-01-11,"jp",178,26912,"5oWbdc6MKLm2y9HIGsSNPx","['J SOUL BROTHERS III']","['j-pop boy group', 'j-division', 'j-pop']",324533,"False","J.S.B. HAPPINESS"
2018-01-11,"jp",179,26864,"5m29aktEkdDFBiBpDUfVOh","['Little Glee Monster']","['j-pop girl group', 'j-poprock', 'j-pop']",265626,"False","いつかこの涙が"
2018-01-11,"jp",180,26789,"4pdPtRcBmOSQDlJ3Fk945m","['DJ Snake', 'Justin Bieber']","['pop rap', 'pop', 'canadian pop', 'pop dance', 'electronic trap', 'dance pop', 'edm']",205946,"False","Let Me Love You"
2018-01-11,"jp",181,26558,"4lESS6vuruP6a79KWRaQou","['Maluma', 'Nego do Borel']","['trap latino', 'reggaeton', 'funk pop', 'reggaeton colombiano', 'funk das antigas', 'funk ostentacao', 'funk carioca']",184066,"False","Corazón"
2018-01-11,"jp",182,26521,"5yFSF6qQA1rcLsQRnBsZgb","['Alan Walker', 'Noah Cyrus', 'Digital Farm Animals', 'Juliander']","['pop', 'post-teen pop', 'electro house', 'uk dance', 'swedish pop']",199111,"False","All Falls Down (feat. Juliander)"
2018-01-11,"jp",183,26495,"21z1GxeHjfD3qkaF5CgCTO","['KANA-BOON']","['j-poprock', 'anime', 'j-rock', 'j-pop']",240133,"False","シルエット"
2018-01-11,"jp",184,26421,"2iQeswvPmr9pAlBjx6Ilyb","['Kome Kome Club']","['classic j-pop', 'j-poprock', 'j-pop']",246840,"False","浪漫飛行"
2018-01-11,"jp",185,26397,"7KlTFTpy7dXLzr2NtLkvG6","['BTS']","['k-pop boy group', 'k-pop']",231859,"False","Not Today"
2018-01-11,"jp",186,26339,"4XkqVSWIPb07iLEDvAPq93","['Kazuyoshi Saito']","['classic j-pop', 'j-acoustic', 'j-pop', 'j-rock']",316106,"False","やさしくなりたい"
2018-01-11,"jp",187,26172,"02q0ZnV2L4XByzEvWZJqBC","['BTS']","['k-pop', 'k-pop boy group']",274097,"False","Spring Day"
2018-01-11,"jp",188,26138,"5SDVaYU4nfaIV0rNSlWSCa","['ayaka']","['japanese singer-songwriter', 'j-pop', 'j-rock']",279013,"False","三日月"
2018-01-11,"jp",189,26106,"7JvOGQbMHOcOnz4riGimUb","['Sheena Ringo']","['j-poprock', 'j-pop', 'j-rock']",194240,"False","人生は夢だらけ"
2018-01-11,"jp",190,26024,"6DNtNfH8hXkqOX1sjqmI7p","['Major Lazer', 'Justin Bieber', 'MØ']","['pop rap', 'pop', 'canadian pop', 'danish pop', 'moombahton', 'uk pop', 'pop dance', 'electro house', 'electropop', 'dance pop', 'tropical house', 'edm']",185351,"False","Cold Water (feat. Justin Bieber & MØ)"
2018-01-11,"jp",191,25961,"6DG2g1UhROp5pnM8fx7zH2","['Hailee Steinfeld', 'Grey', 'Zedd']","['pop rap', 'pop', 'complextro', 'post-teen pop', 'pop dance', 'electro house', 'tropical house', 'electropop', 'dance pop', 'edm', 'german techno', 'pop edm', 'uk pop']",181880,"True","Starving"
2018-01-11,"jp",192,25944,"6IghCx6jRj5VHEmXKQH2pR","['ONE OK ROCK']","['visual kei', 'j-rock', 'japanese emo', 'j-poprock', 'j-pop']",204493,"False","Re:make"
2018-01-11,"jp",194,25915,"6EjGsUuJmyxdHjKzGN8kPy","['Taro Urashima']","['okinawan pop']",227213,"False","海の声"
2018-01-11,"jp",195,25885,"3A0VFRUxhqpJeOxo0rklqC","['Ketsumeishi']","['j-poprock', 'j-pop', 'j-rock']",315413,"False","友よ 〜 この先もずっと・・・"
2018-01-11,"jp",196,25838,"0XLOf9LhyazPX9Ld8jPiUq","['Selena Gomez', 'Gucci Mane']","['pop rap', 'gangster rap', 'southern hip hop', 'pop', 'rap', 'dirty south rap', 'dance pop', 'atl hip hop', 'trap', 'hip hop', 'post-teen pop']",186112,"False","Fetish (feat. Gucci Mane)"
2018-01-11,"jp",197,25698,"5hcisvFMidkMJlElTO9Qmw","['Bad Bunny', 'Prince Royce', 'J Balvin', 'Mambo Kingz', 'DJ Luian']","['reggaeton flow', 'trap latino', 'latin hip hop', 'reggaeton', 'latin pop', 'reggaeton colombiano', 'bachata']",297485,"False","Sensualidad"
2018-01-11,"jp",198,25687,"2LwjA3u1bTgnhfbR4MsPxw","['Shota Shimizu']","['j-pop']",195506,"False","Because of you"
2018-01-11,"jp",199,25517,"3a1lNhkSLSkpJE4MSHpDu9","['Post Malone', 'Quavo']","['pop rap', 'southern hip hop', 'melodic rap', 'dfw rap', 'atl hip hop', 'trap', 'hip hop', 'rap']",220293,"True","Congratulations"
2018-01-11,"jp",200,25507,"2GLp1Arz4ZtihdjdL9m80W","['AAA']","['j-pop']",300200,"False","愛してるのに、愛せない"
